{
  "personalInfo": {
    "name": "Saúl",
    "title": "Desarrollador Web | Vue.js & Python/Django",
    "age": 24,
    "location": "La Orotava, Santa Cruz de Tenerife",
    "photoUrl": "https://images.rawpixel.com",
    "summaryP1": "Joven desarrollador con foco en Front-end (Vue.js, Tailwind CSS) y Back-end (Python, Django).",
    "summaryP2": "Experiencia internacional y dominio del inglés. Busco desafíos que combinen tecnología, trabajo en equipo y crecimiento continuo.",
    "summaryP3": "Apasionado por la informática, la lectura y los deportes. Un perfil versátil listo para aportar valor."
  },
  "projects": [
    {
      "id": 1,
      "title": "Portafolio Personal",
      "description": "Desarrollo de un portafolio web moderno usando Vue 3, TypeScript y Tailwind CSS para mostrar mi trabajo.",
      "link": "https://github.com"
    },
    {
      "id": 2,
      "title": "Web Learning Fantasy",
      "description": "Web de prototipo para un videojuego desarrollado en el Proyecto de Empresa, haciendo uso de Vue y Tailwind.",
      "link": "https://github.com"
    },
    {
      "id": 3,
      "title": "Task Manager App",
      "description": "Aplicación de gestión de tareas en tiempo real utilizando Django y Python.",
      "link": "https://github.com"
    }
  ],
  "skills": [
    {
      "logo": "pi pi-code",
      "nombre": "Vue.js",
      "descripcion": "Creación de Single Page Applications (SPA) y composición de componentes.",
      "nivel": 60
    },
    {
      "logo": "pi pi-server",
      "nombre": "Python/Django",
      "descripcion": "Creación e implementación de APIs funcionales en Django para la gestión de peticiones y datos.",
      "nivel": 85
    },
    {
      "logo": "pi pi-palette",
      "nombre": "Tailwind CSS",
      "descripcion": "Diseño de interfaces modernas, responsive y optimizadas sin salir del HTML.",
      "nivel": 65
    },
    {
      "logo": "pi pi-github",
      "nombre": "Git/GitHub",
      "descripcion": "Control de versiones y flujo de trabajo colaborativo en equipo.",
      "nivel": 80
    }
  ],
  "experience": [
    {
      "puesto": "Soporte Técnico",
      "empresa": "Elantia",
      "periodo": "Junio 2025 - Diciembre 2025",
      "descripcion": "Soporte técnico especializado en WordPress, enfocado en la optimización de rendimiento (WPO) y la implementación de estructuras técnicas para mejorar el posicionamiento SEO."
    }
  ],
  "contact": {
    "email": "saul.dev@ejemplo.com",
    "github": "://github.com",
    "linkedin": "://linkedin.com"
  }
}
